id, hashtags
20934097, chic fusion outerwear, belted silhouette, two-tone trenchcoat
18958106, urban-chic, minimalist, sporty-luxe
17915246, classic, tailored, sophisticated
18658922, elegant, double-breasted, tailored-fit
21256100, minimalist, longline silhouette, timeless elegance
21119012, modern-layered, two-tone, quilted-texture
20472162, bohemian-style, patterned-wrap, fringed-detail
20471984, longline, minimalist, cozy
19414491, minimalist, oversized, neutral-tone
19537795, classic-trench, belted-waist, tailored-fit
19948608, classic peacoat, double-breasted silhouette, tailored elegance
20703174, vibrant-colored, classic-cut, elegant-design
20532564, PufferSilhouette, UrbanChic, VersatileBlack
19352493, tribal-inspired, vibrant-patterned, fringe-detail
18849197, classic trench, belted waist, double-breasted
20527841, minimalist, lightweight, casual
19724871, oversized puffer, sporty chic, color-blocked warmth
20946246, classic-elegance, tailored-fit, belted-waist
21114302, classic, tailored, neutral-toned
18991003, glossy finish, puffer design, hooded warmth
20308563, abstract print, oversized silhouette, winter warmth
18378865, sleek, edgy, sophisticated
20238042, timeless-elegance, neutral-chic, double-breasted-sophistication
16827307, Quilted, Longline, Puffer
20515521, textured, oversized, minimalist
17783516, elegant, cinched-waist, cape-like
20112796, luxurious texture, bold pattern, vintage glamour
20542814, elegant-cape, modern-minimalist, chic-monochrome
20514656, glossy finish, oversized fit, puffer design
15951191, vintage-inspired, elegant-length, shearling-trim
20878004, cozy chic, winter staple, plush outerwear
20849911, urban-winter, casual-comfort, sleek-puffer
20045170, vibrant-print, maxi-length, flowy-silhouette
17404428, classic trench, checkered accent, belted silhouette
21003439, timeless-elegance, minimalist-classic, structured-coziness
14179801, classic-belted-trench, minimalist-elegance, timeless-sophistication
21284285, minimalist, elegant, timeless
16063225, elegant-lace, tailored-fit, sophisticated-black
19760361, mustard-yellow, double-breasted, classic-tailored
19907590, military-inspired, leather elegance, gold-buttoned detail
20127211, minimalist, sleek, urban-cool
20086975, cozy-chic, relaxed-fit, textured-warmth
16383428, minimalist, winter-cozy, oversized-fit
20702832, casual-chic, minimalist-design, urban-comfort
21026589, elegant, belted, tailored
18945217, classic silhouette, neutral palette, structured elegance
19989550, Double-breasted, tailored fit, minimalist design
19618701, Classic, Double-Breasted, Tailored
21014044, oversized silhouette, urban puffiness, minimalist black
18811482, classic silhouette, checkered accents, belted waist
20889352, minimalist, elegant, timeless
19284653, chic leather, belted silhouette, sleek finish
20645840, winter-chic, puffer-silhouette, cozy-elegance
18936541, classic, belted, trenchcoat
18759129, classic, tailored, buttoned
19349640, herringbone pattern, faux fur accents, double-breasted cut
18872743, animal print, statement outerwear, bold pattern
18914281, longline puffer, minimalist design, sleek silhouette
21089664, classic-elegance, tailored-fit, minimalist-design
18495945, metallic finish, double-breasted coat, vintage glamour
17215809, classic-trench, plaid-detail, belted-elegance
19975098, animal print, elegant longline, buttoned sophistication
21283518, classic, herringbone pattern, tailored-fit
18370349, longline silhouette, quilted warmth, minimalist design
18171564, olive trench, belted silhouette, minimalist elegance
20152731, puffer silhouette, drawstring waist, oversized fit
20938919, elegant, asymmetrical, belted
19998964, oversized, fringe detail, color-blocked
21288763, minimalist, textured, neutral-tone
18995943, navy peacoat, gold-buttoned, tailored-fit
18768527, edgy-modern, sleek-leather, bold-monochrome
20874382, hounds-tooth pattern, structured silhouette, knee-length
18664836, classic silhouette, minimalistic design, buttoned elegance
16665133, timeless elegance, classic silhouette, gold-button detail
18654005, longline puffer, winter warmth, casual elegance
20112880, elegant, belted, longline
20085440, classic, tailored, neutral-toned
20929207, classic, double-breasted, tailored-fit
20889274, classic silhouette, minimalist design, elegant outerwear
16112877, classic, neutral-tone, tailored-fit
19018588, urban-chic, minimalist-winter, structured-coat
18600125, oversized silhouette, minimalist design, functional pockets
18847318, Classic, Double-breasted, Tailored
20847767, elegant, timeless, luxurious
19350674, quilted, longline, minimalist
17848483, urban-chic, minimalist-design, weather-resistant
20544259, elegant-poncho, pastel-minimalism, tassel-detail
20142504, tailored, double-breasted, knee-length
20249530, classic, tailored, neutral-toned
21339456, elegant, monochrome, belted
20842840, textured-cozy, oversized-elegance, belted-structure
19381775, hooded, belted, puffer
20043954, animal-print, fringe-detail, oversized-fit
19907682, glossy finish, oversized fit, streetwear chic
20682750, earthy-toned, relaxed-fit, chic-cape
21389997, classic, tailored, houndstooth
18434681, Classic, Double-Breasted, Tailored
20142309, classic-leather, tailored-fit, sophisticated-silhouette
18454938, classic, belted, trench-coat
20513598, urban-chic, sleek-comfort, contemporary-layer
20269101, classic trench, plaid detailing, belted silhouette
20963270, quilted, sleeveless, belted
18723628, classic, tailored, double-breasted
21413321, elegant, fur-collared, belted-trench
18963092, classic-trench, belted-waist, double-breasted
20758301, elegant, double-breasted, timeless
18600123, oversized silhouette, utility pockets, earth-toned
20077931, puffer silhouette, neutral tone, longline cut
20642722, classic, timeless, elegant
19350675, chic_black_parka, belted_silhouette, hooded_outerwear
19842395, classic-trench, neutral-tone, structured-elegance
19476960, minimalist, modern-winter, chic-comfort
21110222, classic, tailored, elegant
20288804, classic, double-breasted, tailored
20756850, bold color, classic tailoring, minimalist design
19885191, glossy finish, lightweight, casual outerwear
18213197, vintage-inspired, sleek-leather, double-breasted-coat
18664837, classic-tweed, double-breasted, knee-length
19149423, cream shearling, zip-up front, oversized fit
19383261, classic trench, relaxed fit, neutral tone
20621093, houndstooth, classic elegance, knee-length coat
20140846, classic, double-breasted, tailored
21356917, classic, double-breasted, neutral-tone
20268297, classic-trench, belted-waist, neutral-tone
17052553, chic leather, belted silhouette, sophisticated trench
19908615, classic trench, tailored elegance, neutral hue
21247711, classic, double-breasted, neutral-tone
20472262, geometric-patterned, vintage-inspired, statement-coat
21001059, longline silhouette, pastel puffer, cozy-chic
19948599, structured silhouette, oversized sleeves, minimalist design
19999857, textured-knit, fringe-detail, earth-tone
20621665, quilted, belted, hooded
19392181, elegant-longline, neutral-trench, belted-sophistication
18614332, Animal Print, Overcoat Elegance, Urban Chic
16732597, classic-trench, tailored-fit, timeless-elegance
20044165, patchwork, faux fur, oversized
20278890, luxurious-warmth, casual-elegance, plush-texture
19844274, Minimalist, modern, functional
20142519, classic, tailored, double-breasted
20046803, edgy, textured, oversized
19775980, sporty-chic, minimalist, urban-outerwear
19161246, classic-trench, tailored-elegance, timeless-chic
20046804, luxurious, faux fur, two-tone
19906716, bold-patterned, oversized-coat, textured-fabric
20233903, classic, military-inspired, belted silhouette
20705185, classic-trench, belted-waist, double-breasted
18417474, minimalist, contemporary, hooded cloak
19124019, Classic, Plaid Detail, Belted Waist
18930748, classic-elegance, neutral-tone, minimalistic-design
20857343, quilted texture, neutral tone, oversized fit
20485800, timeless, minimalist elegance, structured silhouette
19055137, belted silhouette, oversized collar, puffer coat
18514946, classic-trench, belted-waist, double-breasted
20579101, timeless-elegance, neutral-tone, classic-trench
19420166, Classic, Belted, Double-Breasted
20787571, timeless elegance, tailored fit, classic black
19278375, oversized silhouette, minimalist design, monochrome palette
20927788, textured elegance, bold pattern, glossy finish
20379831, urban-chic, quilted-warmth, structured-silhouette
18318677, lightweight, pastel-hued, casual-zip-up
18906877, double-breasted, tailored-fit, classic-elegance
20153436, earthy-toned, abstract-patterned, belted-trench
18727635, classic, belted, trench-coat
20895696, cozy-chic, textured-overcoat, neutral-tone
20755003, luxurious texture, elegant silhouette, statement outerwear
20152725, Classic, Double-Breasted, Tailored
18576565, Elegant, Luxurious, Timeless
20368381, elegant, belted, textured
20954626, elegant, embellished, classic
20930363, timeless, sophisticated, double-breasted
20044164, bohemian-chic, flowing-silhouette, bold-patterns
16158481, elegant, minimalist, structured
19947988, quilted texture, earth tone palette, cozy casual
20046850, Classic, Tailored, Elegant
20872059, minimalist, neutral-tone, elegant
20518705, casual-chic, urban-cozy, minimalist-structured
18687822, Classic, Tailored, Timeless
17781326, timeless-elegance, sophisticated-tailoring, neutral-chic
21012645, classic, tailored, elegant
18955658, oversized puffer, full-length coat, minimalist urban
20911701, luxurious, classic, winter-warmth
19750547, puffer jacket, neutral tone, cozy casual
20744469, classic, belted, tailored
20914628, timeless-classic, tailored-fit, understated-elegance
19077142, winter-chic, belted-silhouette, fur-trimmed-hood
21067909, elegant, belted silhouette, classic black
20847663, oversized puffer, warm rust hue, hooded winter coat
18714761, puffer silhouette, minimalist design, winter essential
21237178, classic, double-breasted, tailored
14783251, elegant, pleated, belted
17848314, classic, belted silhouette, neutral-tone
18706054, elegant, tailored, classic
20638064, elegant, minimalist, chic
20246411, classic, belted, plaid-detail
16102918, quilted, hooded, mid-length
20485122, minimalist, winter-chic, cocoon-silhouette
19390332, transparent, trench-coat style, contemporary
17141315, winter-chic, belted-silhouette, hooded-elegance
16692292, oversized silhouette, minimalist elegance, urban chic
20904046, structured silhouette, dramatic sleeves, minimalist elegance
20696899, embroidered, jewel-toned, traditional-inspired
20121139, classic, tailored, minimalist
19947637, classic silhouette, earth-tone elegance, structured outerwear
16294169, classic trench, neutral tone, utility chic
19991742, classic, belted, trench-coat
20988580, luxurious texture, elegant silhouette, timeless appeal
20992228, ElegantTailoring, ClassicSilhouette, TimelessOuterwear
20586244, classic-elegance, neutral-tone, tailored-fit
20746560, classic, elegant, timeless
21252522, colorful, urban-graffiti, eclectic
18704395, oversized puffer, urban chic, minimalist design
19096685, minimalist, chic, timeless
20151443, classic-trench, houndstooth-pattern, belted-cinched
17334646, oversized, puffer silhouette, urban chic
19840352, minimalist-chic, elegant-silhouette, classic-tailoring
20982629, urban-chic, winter-essential, minimalist-design
20867057, edgy, structured, voluminous
19975939, elegant, textured, fur-trimmed
16787669, urban-chic, minimalist-design, functional-outerwear
19907373, sleek, tailored, classic
20956691, classic, double-breasted, structured
19538758, longline, minimalist, sophisticated
